INSERT INTO robu8097.administratorius VALUES('50210203980','Tomas', 'Giedraitis', 1500);
INSERT INTO robu8097.administratorius VALUES('23648951265','Darius', 'Baranauskas', 1000);
INSERT INTO robu8097.administratorius VALUES('68523789125','Evelina', 'Kučinskytė', 1850);

INSERT INTO robu8097.klientas VALUES('25478965412', 'Giedrius', 'Adomaitis', '37046505391', 'GiedriusAdomaitis@gmail.com');
INSERT INTO robu8097.klientas VALUES('36547895412', 'Aurelija', 'Markevičienė', '37063700561', 'AurMark@one.lt');
INSERT INTO robu8097.klientas VALUES('84562478516', 'Vesta', 'Pociūtė', '37046057613', 'VestaPoc123@inbox.lt');
INSERT INTO robu8097.klientas VALUES('95478123056', 'Kristupas', 'Simonaitis', '37046565625', 'KristupasSimonaitis@hotmail.com');
INSERT INTO robu8097.klientas VALUES('30250014781', 'Rojus', 'Matulaitis', '857939591', 'RojusMatulaitis@gmail.com');

INSERT INTO robu8097.kambarys VALUES('203', 'Vidutinis', '150');
INSERT INTO robu8097.kambarys VALUES('253', 'Paprastas', '50');
INSERT INTO robu8097.kambarys VALUES('111', 'Vidutinis', '100');
INSERT INTO robu8097.kambarys VALUES('303', 'Prabangus', '300');
INSERT INTO robu8097.kambarys VALUES('301', 'Prabangus', '250');
INSERT INTO robu8097.kambarys VALUES('294', 'Vidutins', '130');
INSERT INTO robu8097.kambarys VALUES('201', 'Paprastas', '50');

INSERT INTO robu8097.sutartis VALUES('11111', '25478965412', '68523789125', 200);
INSERT INTO robu8097.sutartis VALUES('48641', '84562478516', '23648951265', 130);
INSERT INTO robu8097.sutartis VALUES('97135', '30250014781', '68523789125', 550);

INSERT INTO robu8097.itraukia VALUES('11111', '203', '2022-10-19', '2022-10-22');
INSERT INTO robu8097.itraukia VALUES('11111', '253', '2022-10-23', '2022-10-25');
INSERT INTO robu8097.itraukia VALUES('48641', '294', '2022-12-10', '2022-12-14');
INSERT INTO robu8097.itraukia VALUES('97135', '301', '2022-09-01', '2022-09-19');
INSERT INTO robu8097.itraukia VALUES('97135', '303', '2022-09-01', '2022-09-19');